[
    {
        "_id":{"$oid":"67d1a3e9caddefbeffc83561"},
        "prescription":"Adderall 10mg tabelts",
        "qty":60,
        "daySupply":30,
        "perscriber":"Dr. John Doe",
        "refillRemain":0
    },

    {
        "_id":{"oid":"67d1a3e9caddefbeffc83562"},
        "prescription":"Adderall XR 30mg capsules",
        "qty":30,
        "daySupply":30,
        "perscriber":"Dr. John Doe",
        "refillRemain":0

    },
    
    {
        "_id":{"$oid":"67d1a3e9caddefbeffc83563"},
        "prescription":"Sertraline 50mg tablets",
        "qty":180,
        "daySupply":90,
        "perscriber":"Dr. John Doe",
        "refillRemain": 4

    },

    {
        "_id":{"$oid":"67d1a3e9caddefbeffc83564"},
        "prescription":" Allergy Relief Loratadine 10mg",
        "qty":30,
        "daySupply":30,
        "perscriber":"Dr. John Doe",
        "refillRemain":11
    }

    
]